Workbook

Sheet 1-Instructions
A2: Republic of South Sudan
A3: Ministry of Health
A4: National Tuberculosis, Leprosy and Buruli Ulcer Control Programme
A6: Instructions on how to fill these quarterly reporting tools
A7: 1. Follow the instructions below to be able to produce a quality TB quarterly report
A9: 2. Always use this document as a reporting template for your health facility. Therefore always save your quarterly report using "SAVE AS COMMAND" on windows pcs or using the appropriate command on other operating systems
A13: 3. Before entering data into this quarterly reporting template, make it free of any prevoius quarter's data by deleting the data. Better still, keep a copy of this template that is free of the previous quarter's data.
A17: 4. Save your quarterly report file as "[name of Health facility] [Quarter ?] TB Report Year] eg. Juba Teaching Hospital Q1 TB report 2016"
A21: 5. Please write the exact name of your health facility as known in the MoH HMIS unless otherwise.
A24: 6. In the field for signature, please enter your email address for purposes of feedback
A26: 7. Never try to reform this document as its already formated to print size
A27: 8. After completeing you quarterly report please mail it to ssntpmne2@gmail.com copy to: ssntpmne1@gmail.com
... A30: 10. Please note that there are 7 worksheets (1-7) in this Excel file

Sheet 2-Case Finding
B1: Republic of South Sudan
B2: Ministry of Health
B3: National Tuberculosis, Leprosy and Buruli Ulcer Control Programme
B4: Quarterly Report on TB Case Registration in TB Diagnosis and Treatment Centre
B8: Name of health facility: | K8: Patients registered duringa: | O8: quarter of year
B9: Name of TB focal person: | H9: Signature: | K9: Date of completion of this form:
B12: Block 1: All TB cases registered during the quarterb | I12: New | K12: Relapse | M12: Previously treated (excluding relapse) | O12: Previous treatment history unknown | Q12: Total
B13: Pulmonary, bacteriologically confirmed | Q13: =SUM(I13:P13) -> 0
B14: Pulmonary, clinically diagnosed | Q14: =SUM(I14:P14) -> 0
B15: Extrapulmonary, bacteriologically confirmed or clinically diagnosed | Q15: =SUM(I15:P15) -> 0
B17: Block 2. All new and relapse cases (bacteriologically confirmed or clinically diagnosed) registered during the quarter by age group and sex
D18: 0-4yrs | E18: 5-9yrs | F18: 10-14yrs | G18: 15-19yrs | H18: 20-24yrs | I18: 25-34yrs | J18: 35-44yrs | L18: 45-54yrs | N18: 55-64yrs | P18: >65yrs | R18: Total (New & Relapses)
B19: Male | R19: =SUM(D19:Q19) -> 0
B20: Female | R20: =SUM(D20:Q20) -> 0
B22: Block 3: Laboratory diagnostic activityc | I22: Block 4: TB/HIV activities (all new and relapse TB cases registered during the quarter)
B23: Patients with presumptive TB undergoing bacteriological examination | E23: Patients with presumptive TB with positive bacteriological examination result | I23: Patients tested for HIV at the time of TB diagnosis or with known HIV statusd at the time of TB diagnosis | M23: HIV-positive TB patients | O23: HIV-positive TB patients on ART | Q23: HIV-positive TB patients on CPT
B26: Block 5: Breakdown of new and relapse TB cases registered during the quarter by diagnostic method | J26: Genexpert | L26: Smear microscopy | N26: TB LAM | P26: Truenat | R26: Xray, Clinically...
B27: Number of new and relapse TB cases registered by diagnostic method
B28: Number of new and relapses TB cases that were positive by method of diagnosis | R28: N/A
B30: Block 6. TB/HIV co-infected patients among new and relapse registered during the quarter by age group and sex
D31: 0-4yrs | E31: 5-9yrs | F31: 10-14yrs | G31: 15-19yrs | H31: 20-24yrs | I31: 25-34yrs | J31: 35-44yrs | L31: 45-54yrs | N31: 55-64yrs | P31: >65yrs | R31: Total (New & Relapses)
B32: Male | R32: =SUM(D32:Q32) -> 0
B33: Female | R33: =SUM(D33:Q33) -> 0
B35: Block 7. TB/HIV co-infected patients among new and relapse registered during the quarter started on ART by age group and sex
D36: 0-4yrs | E36: 5-9yrs | F36: 10-14yrs | G36: 15-19yrs | H36: 20-24yrs | I36: 25-34yrs | J36: 35-44yrs | L36: 45-54yrs | N36: 55-64yrs | P36: >65yrs | R36: Total (New & Relapses)
B37: Male | R37: =SUM(D37:Q37) -> 0
B38: Female | R38: =SUM(D38:Q38) -> 0
B40: a. Registration period is based on date of registration of cases in the TB register, following the start of treatment. Q1: 1 January - 31 March; Q2:1 April - 30 June; Q3: 1 July - 30 September; Q4:1 October - 31 December.
B41: b "Transferred in" cases are excluded.
B42: c Data aggregated from the TB laboratory register based on Date specimen received, and excluding patients examined for follow-up.
B43: d Includes all TB patients previously known to be HIV-positive (e.g. documented evidence of enrolment in HIV care such as enrolment in the pre-ART register or in the ART register once started on ART) or with a documented negative HIV test conducted at the time of TB diagnosis.

Sheet 3-Sputum Conversion
B1: Republic of South Sudan
B2: Ministry of Health
B3: National Tuberculosis, Leprosy and Buruli Ulcer Control Programme
B4: Quarterly Report on TB Sputum Smear Microscopy Conversion
A8: Name of health facility: | K8: Quarter1 | O8: of year
A9: Name and signature of TB focal person: | K9: Date of completion of this form:
A12: Number of new bacteriologically confirmed pulmonary TB cases registered in the quarter recorded above2 (a) | F12: Sputum smear microscopy not done at either 2 or 3 months (b) | J12: Sputum smear microscopy Conversion at: | P12: Sputum Conversion Rate e x 100 a
J13: 2 months (c) | M13: 3 months (d)
P14: =IF(A14=0,0,J15/A14) -> 0
A15: Total converted at 2 and 3 months (e): | J15: =SUM(J14:O14) -> 0
A17: 1 Quarter: This applies to patients registered (recorded in the TB treatment Register) in the quarter that ended 3 months ago. For example, if compiling the report for quarter 2, record data on patients registered in the 1st quarter.
A19: 2 This number should match the number of new bacteriologically confirmed pulmonary TB cases in Block 1, Column 1, first row of the Quarterly report on TB TB diagnosis and treatment centre previously registered in that quarter.case registration in

Sheet 4-Treatment outcome
B1: Republic of South Sudan
B2: Ministry of Health
B3: National Tuberculosis, Leprosy and Buruli Ulcer Control Programme
B4: Quarterly Report on TB and TB/HIV Treatment Outcomes in TB diagnosis and Treatment Centre
B8: Name of health facility: | L8: Patients registered during1 | T8: Quarter of year
B9: Name of TB focal person: | H9: Signature:____________ | L9: Date of completion of this form:
B12: Block 1: TB treatment outcomes
B13: Type of case | G13: Total number of patients registered during quarter* | J13: Treatment outcomes | V13: Total number evaluated for outcomes: (sum of 1 to 5)
J14: Cured (1) | L14: Treatment completed (2) | N14: Died (3) | P14: Treatment failed2(4) | R14: Lost to follow-up (5) | T14: Not evaluated (6)
G15: Total | H15: M | I15: F | J15: M | K15: F | L15: M | M15: F | N15: M | O15: F | P15: M | Q15: F | R15: M | S15: F | T15: M | U15: F
B16: New bacteriologically confirmed TB cases | G16: =SUM(H16:I16) -> 0 | V16: =SUM(J16:S16) -> 0
B17: New cases of TB clinically diagnosed (smear-negative, smear not done and extrapulmonary TB) | G17: =SUM(H17:I17) -> 0 | V17: =SUM(L17:S17) -> 0
B18: Relapse | G18: =SUM(H18:I18) -> 0 | V18: =SUM(J18:S18) -> 0
B19: Treatment after failure | V19: =SUM(J19:S19) -> 0
B20: Treatment after lost to follow-up | V20: =SUM(J20:S20) -> 0
B21: Other previously treated3 | V21: =SUM(J21:S21) -> 0
B22: * These numbers are transferred from the Quarterly Report on TB Case Registration for the above quarter. Specify any exclusion.
B24: Block 2: TB/HIV activities (same quarter analysed as Block 1)
E25: No. patients tested for HIV4 | I25: No. patients HIV-positive(a)4 | P25: No. patients on ARV treatment5 | V25: No. patients on CPT6
B26: All TB cases
B28: Block 3: TB treatment outcomes of HIV-positive patients
B29: Type of case | G29: Total number of HIV-positive TB patients Block 2, Column (a) | J29: Treatment outcomes | V29: Total number evaluated for outcomes: (sum of 1 to 5)
J30: Cured (1) | L30: Treatment completed (2) | N30: Died (3) | P30: Treatment failed2(4) | R30: Lost to follow-up (5) | T30: Not evaluated (6)
B31: All TB cases | V31: =SUM(J31:S31) -> 0
B33: Block 4: TB treatment outcomes of children (0-14 years)
B34: Type of case | G34: Total number of children (0-14 years) | J34: Treatment outcomes | V34: Total number evaluated for outcomes: (sum of 1 to 5)
J35: Cured (1) | L35: Treatment completed (2) | N35: Died (3) | P35: Treatment failed2(4) | R35: Lost to follow-up (5) | T35: Not evaluated (6)
B36: All TB cases | V36: =SUM(J36:S36) -> 0
B38: Block 5: TB treatment outcomes of adolescents (10-19 years)
B39: Type of case | G39: Total number of adolescents (10-19 years) | J39: Treatment outcomes | V39: Total number evaluated for outcomes: (sum of 1 to 5)
J40: Cured (1) | L40: Treatment completed (2) | N40: Died (3) | P40: Treatment failed2(4) | R40: Lost to follow-up (5) | T40: Not evaluated (6)
B41: All TB cases | V41: =SUM(J41:S41) -> 0
B43: 1 Quarter: This applies to patients registered (recorded in the TB Treatment Register) in the quarter that ended 12 months ago.
B44: 2 Include patients who turn out to be MDR-TB cases and referred to PMDT site for appropriate management.
B45: 3 Include pulmonary cases with unknown result of previous treatment, previously treated sputum smear microscopy negative pulmonary cases, or previously treated sputum smear microscopy not done pulmonary cases and previously treated extrapulmonary cases.
B46: 4 Documented evidence of HIV tests (and results) performed in any recognized facility before TB diagnosis or during TB treatment until last day of TB treatment) 5 Includes TB patients continuing on ARV treatment started before TB diagnosis or those started during TB treatment (until last day of TB treatment).should be reported here.
B47: 6 Includes TB patients continuing on CPT started before TB diagnosis AND those started during TB treatment (until last day of TB treatment).

Sheet 6-Treatment outcome summary
B1: Republic of South Sudan
B2: Ministry of Health
B3: National Tuberculosis, Leprosy and Buruli Ulcer Control Programme
B4: Quarterly Report on TB and TB/HIV Treatment Outcomes in TB diagnosis and Treatment Centre
B8: Name of health facility: | K8: Patients registered during11 | O8: Quarter of year
B9: Name of TB focal person: | H9: Signature:____________ | K9: Date of completion of this form:
B12: Block 1: TB treatment outcomes
B13: Type of case | G13: Total number of patients registered during quarter * | J13: Treatment outcomes | P13: Total number evaluated for outcomes: (sum of 1 to 5)
J14: Cured (1) | K14: Treatment completed (2) | L14: Died (3) | M14: Treatment failed2 | N14: Lost to follow-up (5) | O14: Not evaluated (6)
B15: Total new and relapses | G15: =SUM('4-Treatment outcome'!G16:G18) -> 0 | J15: =SUM('4-Treatment outcome'!J16:K18) -> 0 | K15: =SUM('4-Treatment outcome'!L16:M18) -> 0 | L15: =SUM('4-Treatment outcome'!N16:O18) -> 0 | M15: =SUM('4-Treatment outcome'!P16:Q18) -> 0 | N15: =SUM('4-Treatment outcome'!R16:S18) -> 0 | O15: =SUM('4-Treatment outcome'!T16:U18) -> 0 | P15: =SUM(J15:N15) -> 0
B16: Total retreament cases (excluding relapses) | G16: =SUM('4-Treatment outcome'!G19:I21) -> 0 | J16: =SUM('4-Treatment outcome'!J19:K21) -> 0 | K16: =SUM('4-Treatment outcome'!L19:M21) -> 0 | L16: =SUM('4-Treatment outcome'!N19:O21) -> 0 | M16: =SUM('4-Treatment outcome'!P19:Q21) -> 0 | N16: =SUM('4-Treatment outcome'!R19:S21) -> 0 | O16: =SUM('4-Treatment outcome'!T19:U21) -> 0 | P16: =SUM(J16:N16) -> 0
B17: * These numbers are transferred from the Quarterly Report on TB Case Registration for the above quarter. Specify any exclusion.
B20: 1 Quarter: This applies to patients registered (recorded in the TB Treatment Register) in the quarter that ended 12 months ago.
B21: 2 Include patients who turn out to be MDR-TB cases and referred to PMDT site for appropriate management.
